prompt,response
What is UnsaidTalks?,"UnsaidTalks is a mentorship and placement preparation platform that helps engineering students prepare for software and electronics careers through structured learning, mentorship, resume reviews, mock interviews, projects, and interview preparation."
Resume: Question 2,"Detailed guidance on resume for placement preparation, including key concepts, interview expectations, common mistakes, and practical preparation tips."
DSA: Question 3,"Detailed guidance on dsa for placement preparation, including key concepts, interview expectations, common mistakes, and practical preparation tips."
DBMS: Question 4,"Detailed guidance on dbms for placement preparation, including key concepts, interview expectations, common mistakes, and practical preparation tips."
OS: Question 5,"Detailed guidance on os for placement preparation, including key concepts, interview expectations, common mistakes, and practical preparation tips."
CN: Question 6,"Detailed guidance on cn for placement preparation, including key concepts, interview expectations, common mistakes, and practical preparation tips."
OOP: Question 7,"Detailed guidance on oop for placement preparation, including key concepts, interview expectations, common mistakes, and practical preparation tips."
System Design: Question 8,"Detailed guidance on system design for placement preparation, including key concepts, interview expectations, common mistakes, and practical preparation tips."
HR: Question 9,"Detailed guidance on hr for placement preparation, including key concepts, interview expectations, common mistakes, and practical preparation tips."
Projects: Question 10,"Detailed guidance on projects for placement preparation, including key concepts, interview expectations, common mistakes, and practical preparation tips."
Mock Interview: Question 11,"Detailed guidance on mock interview for placement preparation, including key concepts, interview expectations, common mistakes, and practical preparation tips."
Aptitude: Question 12,"Detailed guidance on aptitude for placement preparation, including key concepts, interview expectations, common mistakes, and practical preparation tips."
Behavioral: Question 13,"Detailed guidance on behavioral for placement preparation, including key concepts, interview expectations, common mistakes, and practical preparation tips."
Placement Strategy: Question 14,"Detailed guidance on placement strategy for placement preparation, including key concepts, interview expectations, common mistakes, and practical preparation tips."
Describe a generic Amazon software engineering interview experience.,"A typical interview includes one or more coding rounds, project discussions, computer science fundamentals, behavioral questions, and problem-solving. This is a generic educational example, not a real student's interview."
GenAI: Question 16,"Detailed guidance on genai for placement preparation, including key concepts, interview expectations, common mistakes, and practical preparation tips."
Web Development: Question 17,"Detailed guidance on web development for placement preparation, including key concepts, interview expectations, common mistakes, and practical preparation tips."
Resume: Question 18,"Detailed guidance on resume for placement preparation, including key concepts, interview expectations, common mistakes, and practical preparation tips."
DSA: Question 19,"Detailed guidance on dsa for placement preparation, including key concepts, interview expectations, common mistakes, and practical preparation tips."
DBMS: Question 20,"Detailed guidance on dbms for placement preparation, including key concepts, interview expectations, common mistakes, and practical preparation tips."
OS: Question 21,"Detailed guidance on os for placement preparation, including key concepts, interview expectations, common mistakes, and practical preparation tips."
CN: Question 22,"Detailed guidance on cn for placement preparation, including key concepts, interview expectations, common mistakes, and practical preparation tips."
OOP: Question 23,"Detailed guidance on oop for placement preparation, including key concepts, interview expectations, common mistakes, and practical preparation tips."
System Design: Question 24,"Detailed guidance on system design for placement preparation, including key concepts, interview expectations, common mistakes, and practical preparation tips."
HR: Question 25,"Detailed guidance on hr for placement preparation, including key concepts, interview expectations, common mistakes, and practical preparation tips."
Projects: Question 26,"Detailed guidance on projects for placement preparation, including key concepts, interview expectations, common mistakes, and practical preparation tips."
Mock Interview: Question 27,"Detailed guidance on mock interview for placement preparation, including key concepts, interview expectations, common mistakes, and practical preparation tips."
Aptitude: Question 28,"Detailed guidance on aptitude for placement preparation, including key concepts, interview expectations, common mistakes, and practical preparation tips."
Behavioral: Question 29,"Detailed guidance on behavioral for placement preparation, including key concepts, interview expectations, common mistakes, and practical preparation tips."
Placement Strategy: Question 30,"Detailed guidance on placement strategy for placement preparation, including key concepts, interview expectations, common mistakes, and practical preparation tips."
Describe a generic Microsoft software engineering interview experience.,"A typical interview includes one or more coding rounds, project discussions, computer science fundamentals, behavioral questions, and problem-solving. This is a generic educational example, not a real student's interview."
GenAI: Question 32,"Detailed guidance on genai for placement preparation, including key concepts, interview expectations, common mistakes, and practical preparation tips."
Web Development: Question 33,"Detailed guidance on web development for placement preparation, including key concepts, interview expectations, common mistakes, and practical preparation tips."
Resume: Question 34,"Detailed guidance on resume for placement preparation, including key concepts, interview expectations, common mistakes, and practical preparation tips."
DSA: Question 35,"Detailed guidance on dsa for placement preparation, including key concepts, interview expectations, common mistakes, and practical preparation tips."
DBMS: Question 36,"Detailed guidance on dbms for placement preparation, including key concepts, interview expectations, common mistakes, and practical preparation tips."
OS: Question 37,"Detailed guidance on os for placement preparation, including key concepts, interview expectations, common mistakes, and practical preparation tips."
CN: Question 38,"Detailed guidance on cn for placement preparation, including key concepts, interview expectations, common mistakes, and practical preparation tips."
OOP: Question 39,"Detailed guidance on oop for placement preparation, including key concepts, interview expectations, common mistakes, and practical preparation tips."
System Design: Question 40,"Detailed guidance on system design for placement preparation, including key concepts, interview expectations, common mistakes, and practical preparation tips."
HR: Question 41,"Detailed guidance on hr for placement preparation, including key concepts, interview expectations, common mistakes, and practical preparation tips."
Projects: Question 42,"Detailed guidance on projects for placement preparation, including key concepts, interview expectations, common mistakes, and practical preparation tips."
Mock Interview: Question 43,"Detailed guidance on mock interview for placement preparation, including key concepts, interview expectations, common mistakes, and practical preparation tips."
Aptitude: Question 44,"Detailed guidance on aptitude for placement preparation, including key concepts, interview expectations, common mistakes, and practical preparation tips."
Behavioral: Question 45,"Detailed guidance on behavioral for placement preparation, including key concepts, interview expectations, common mistakes, and practical preparation tips."
Placement Strategy: Question 46,"Detailed guidance on placement strategy for placement preparation, including key concepts, interview expectations, common mistakes, and practical preparation tips."
Describe a generic Google software engineering interview experience.,"A typical interview includes one or more coding rounds, project discussions, computer science fundamentals, behavioral questions, and problem-solving. This is a generic educational example, not a real student's interview."
GenAI: Question 48,"Detailed guidance on genai for placement preparation, including key concepts, interview expectations, common mistakes, and practical preparation tips."
Web Development: Question 49,"Detailed guidance on web development for placement preparation, including key concepts, interview expectations, common mistakes, and practical preparation tips."
Resume: Question 50,"Detailed guidance on resume for placement preparation, including key concepts, interview expectations, common mistakes, and practical preparation tips."
DSA: Question 51,"Detailed guidance on dsa for placement preparation, including key concepts, interview expectations, common mistakes, and practical preparation tips."
DBMS: Question 52,"Detailed guidance on dbms for placement preparation, including key concepts, interview expectations, common mistakes, and practical preparation tips."
OS: Question 53,"Detailed guidance on os for placement preparation, including key concepts, interview expectations, common mistakes, and practical preparation tips."
CN: Question 54,"Detailed guidance on cn for placement preparation, including key concepts, interview expectations, common mistakes, and practical preparation tips."
OOP: Question 55,"Detailed guidance on oop for placement preparation, including key concepts, interview expectations, common mistakes, and practical preparation tips."
System Design: Question 56,"Detailed guidance on system design for placement preparation, including key concepts, interview expectations, common mistakes, and practical preparation tips."
HR: Question 57,"Detailed guidance on hr for placement preparation, including key concepts, interview expectations, common mistakes, and practical preparation tips."
Projects: Question 58,"Detailed guidance on projects for placement preparation, including key concepts, interview expectations, common mistakes, and practical preparation tips."
Mock Interview: Question 59,"Detailed guidance on mock interview for placement preparation, including key concepts, interview expectations, common mistakes, and practical preparation tips."
Aptitude: Question 60,"Detailed guidance on aptitude for placement preparation, including key concepts, interview expectations, common mistakes, and practical preparation tips."
Behavioral: Question 61,"Detailed guidance on behavioral for placement preparation, including key concepts, interview expectations, common mistakes, and practical preparation tips."
Placement Strategy: Question 62,"Detailed guidance on placement strategy for placement preparation, including key concepts, interview expectations, common mistakes, and practical preparation tips."
Describe a generic Oracle software engineering interview experience.,"A typical interview includes one or more coding rounds, project discussions, computer science fundamentals, behavioral questions, and problem-solving. This is a generic educational example, not a real student's interview."
GenAI: Question 64,"Detailed guidance on genai for placement preparation, including key concepts, interview expectations, common mistakes, and practical preparation tips."
Web Development: Question 65,"Detailed guidance on web development for placement preparation, including key concepts, interview expectations, common mistakes, and practical preparation tips."
Resume: Question 66,"Detailed guidance on resume for placement preparation, including key concepts, interview expectations, common mistakes, and practical preparation tips."
DSA: Question 67,"Detailed guidance on dsa for placement preparation, including key concepts, interview expectations, common mistakes, and practical preparation tips."
DBMS: Question 68,"Detailed guidance on dbms for placement preparation, including key concepts, interview expectations, common mistakes, and practical preparation tips."
OS: Question 69,"Detailed guidance on os for placement preparation, including key concepts, interview expectations, common mistakes, and practical preparation tips."
CN: Question 70,"Detailed guidance on cn for placement preparation, including key concepts, interview expectations, common mistakes, and practical preparation tips."
OOP: Question 71,"Detailed guidance on oop for placement preparation, including key concepts, interview expectations, common mistakes, and practical preparation tips."
System Design: Question 72,"Detailed guidance on system design for placement preparation, including key concepts, interview expectations, common mistakes, and practical preparation tips."
HR: Question 73,"Detailed guidance on hr for placement preparation, including key concepts, interview expectations, common mistakes, and practical preparation tips."
Projects: Question 74,"Detailed guidance on projects for placement preparation, including key concepts, interview expectations, common mistakes, and practical preparation tips."
Mock Interview: Question 75,"Detailed guidance on mock interview for placement preparation, including key concepts, interview expectations, common mistakes, and practical preparation tips."
Aptitude: Question 76,"Detailed guidance on aptitude for placement preparation, including key concepts, interview expectations, common mistakes, and practical preparation tips."
Behavioral: Question 77,"Detailed guidance on behavioral for placement preparation, including key concepts, interview expectations, common mistakes, and practical preparation tips."
Placement Strategy: Question 78,"Detailed guidance on placement strategy for placement preparation, including key concepts, interview expectations, common mistakes, and practical preparation tips."
Describe a generic Adobe software engineering interview experience.,"A typical interview includes one or more coding rounds, project discussions, computer science fundamentals, behavioral questions, and problem-solving. This is a generic educational example, not a real student's interview."
GenAI: Question 80,"Detailed guidance on genai for placement preparation, including key concepts, interview expectations, common mistakes, and practical preparation tips."
Web Development: Question 81,"Detailed guidance on web development for placement preparation, including key concepts, interview expectations, common mistakes, and practical preparation tips."
Resume: Question 82,"Detailed guidance on resume for placement preparation, including key concepts, interview expectations, common mistakes, and practical preparation tips."
DSA: Question 83,"Detailed guidance on dsa for placement preparation, including key concepts, interview expectations, common mistakes, and practical preparation tips."
DBMS: Question 84,"Detailed guidance on dbms for placement preparation, including key concepts, interview expectations, common mistakes, and practical preparation tips."
OS: Question 85,"Detailed guidance on os for placement preparation, including key concepts, interview expectations, common mistakes, and practical preparation tips."
CN: Question 86,"Detailed guidance on cn for placement preparation, including key concepts, interview expectations, common mistakes, and practical preparation tips."
OOP: Question 87,"Detailed guidance on oop for placement preparation, including key concepts, interview expectations, common mistakes, and practical preparation tips."
System Design: Question 88,"Detailed guidance on system design for placement preparation, including key concepts, interview expectations, common mistakes, and practical preparation tips."
HR: Question 89,"Detailed guidance on hr for placement preparation, including key concepts, interview expectations, common mistakes, and practical preparation tips."
Projects: Question 90,"Detailed guidance on projects for placement preparation, including key concepts, interview expectations, common mistakes, and practical preparation tips."
Mock Interview: Question 91,"Detailed guidance on mock interview for placement preparation, including key concepts, interview expectations, common mistakes, and practical preparation tips."
Aptitude: Question 92,"Detailed guidance on aptitude for placement preparation, including key concepts, interview expectations, common mistakes, and practical preparation tips."
Behavioral: Question 93,"Detailed guidance on behavioral for placement preparation, including key concepts, interview expectations, common mistakes, and practical preparation tips."
Placement Strategy: Question 94,"Detailed guidance on placement strategy for placement preparation, including key concepts, interview expectations, common mistakes, and practical preparation tips."
Describe a generic Amazon software engineering interview experience.,"A typical interview includes one or more coding rounds, project discussions, computer science fundamentals, behavioral questions, and problem-solving. This is a generic educational example, not a real student's interview."
GenAI: Question 96,"Detailed guidance on genai for placement preparation, including key concepts, interview expectations, common mistakes, and practical preparation tips."
Web Development: Question 97,"Detailed guidance on web development for placement preparation, including key concepts, interview expectations, common mistakes, and practical preparation tips."
Resume: Question 98,"Detailed guidance on resume for placement preparation, including key concepts, interview expectations, common mistakes, and practical preparation tips."
DSA: Question 99,"Detailed guidance on dsa for placement preparation, including key concepts, interview expectations, common mistakes, and practical preparation tips."
DBMS: Question 100,"Detailed guidance on dbms for placement preparation, including key concepts, interview expectations, common mistakes, and practical preparation tips."
OS: Question 101,"Detailed guidance on os for placement preparation, including key concepts, interview expectations, common mistakes, and practical preparation tips."
CN: Question 102,"Detailed guidance on cn for placement preparation, including key concepts, interview expectations, common mistakes, and practical preparation tips."
OOP: Question 103,"Detailed guidance on oop for placement preparation, including key concepts, interview expectations, common mistakes, and practical preparation tips."
System Design: Question 104,"Detailed guidance on system design for placement preparation, including key concepts, interview expectations, common mistakes, and practical preparation tips."
HR: Question 105,"Detailed guidance on hr for placement preparation, including key concepts, interview expectations, common mistakes, and practical preparation tips."
Projects: Question 106,"Detailed guidance on projects for placement preparation, including key concepts, interview expectations, common mistakes, and practical preparation tips."
Mock Interview: Question 107,"Detailed guidance on mock interview for placement preparation, including key concepts, interview expectations, common mistakes, and practical preparation tips."
Aptitude: Question 108,"Detailed guidance on aptitude for placement preparation, including key concepts, interview expectations, common mistakes, and practical preparation tips."
Behavioral: Question 109,"Detailed guidance on behavioral for placement preparation, including key concepts, interview expectations, common mistakes, and practical preparation tips."
Placement Strategy: Question 110,"Detailed guidance on placement strategy for placement preparation, including key concepts, interview expectations, common mistakes, and practical preparation tips."
Describe a generic Microsoft software engineering interview experience.,"A typical interview includes one or more coding rounds, project discussions, computer science fundamentals, behavioral questions, and problem-solving. This is a generic educational example, not a real student's interview."
GenAI: Question 112,"Detailed guidance on genai for placement preparation, including key concepts, interview expectations, common mistakes, and practical preparation tips."
Web Development: Question 113,"Detailed guidance on web development for placement preparation, including key concepts, interview expectations, common mistakes, and practical preparation tips."
Resume: Question 114,"Detailed guidance on resume for placement preparation, including key concepts, interview expectations, common mistakes, and practical preparation tips."
DSA: Question 115,"Detailed guidance on dsa for placement preparation, including key concepts, interview expectations, common mistakes, and practical preparation tips."
DBMS: Question 116,"Detailed guidance on dbms for placement preparation, including key concepts, interview expectations, common mistakes, and practical preparation tips."
OS: Question 117,"Detailed guidance on os for placement preparation, including key concepts, interview expectations, common mistakes, and practical preparation tips."
CN: Question 118,"Detailed guidance on cn for placement preparation, including key concepts, interview expectations, common mistakes, and practical preparation tips."
OOP: Question 119,"Detailed guidance on oop for placement preparation, including key concepts, interview expectations, common mistakes, and practical preparation tips."
System Design: Question 120,"Detailed guidance on system design for placement preparation, including key concepts, interview expectations, common mistakes, and practical preparation tips."
HR: Question 121,"Detailed guidance on hr for placement preparation, including key concepts, interview expectations, common mistakes, and practical preparation tips."
Projects: Question 122,"Detailed guidance on projects for placement preparation, including key concepts, interview expectations, common mistakes, and practical preparation tips."
Mock Interview: Question 123,"Detailed guidance on mock interview for placement preparation, including key concepts, interview expectations, common mistakes, and practical preparation tips."
Aptitude: Question 124,"Detailed guidance on aptitude for placement preparation, including key concepts, interview expectations, common mistakes, and practical preparation tips."
Behavioral: Question 125,"Detailed guidance on behavioral for placement preparation, including key concepts, interview expectations, common mistakes, and practical preparation tips."
Placement Strategy: Question 126,"Detailed guidance on placement strategy for placement preparation, including key concepts, interview expectations, common mistakes, and practical preparation tips."
Describe a generic Google software engineering interview experience.,"A typical interview includes one or more coding rounds, project discussions, computer science fundamentals, behavioral questions, and problem-solving. This is a generic educational example, not a real student's interview."
GenAI: Question 128,"Detailed guidance on genai for placement preparation, including key concepts, interview expectations, common mistakes, and practical preparation tips."
Web Development: Question 129,"Detailed guidance on web development for placement preparation, including key concepts, interview expectations, common mistakes, and practical preparation tips."
Resume: Question 130,"Detailed guidance on resume for placement preparation, including key concepts, interview expectations, common mistakes, and practical preparation tips."
DSA: Question 131,"Detailed guidance on dsa for placement preparation, including key concepts, interview expectations, common mistakes, and practical preparation tips."
DBMS: Question 132,"Detailed guidance on dbms for placement preparation, including key concepts, interview expectations, common mistakes, and practical preparation tips."
OS: Question 133,"Detailed guidance on os for placement preparation, including key concepts, interview expectations, common mistakes, and practical preparation tips."
CN: Question 134,"Detailed guidance on cn for placement preparation, including key concepts, interview expectations, common mistakes, and practical preparation tips."
OOP: Question 135,"Detailed guidance on oop for placement preparation, including key concepts, interview expectations, common mistakes, and practical preparation tips."
System Design: Question 136,"Detailed guidance on system design for placement preparation, including key concepts, interview expectations, common mistakes, and practical preparation tips."
HR: Question 137,"Detailed guidance on hr for placement preparation, including key concepts, interview expectations, common mistakes, and practical preparation tips."
Projects: Question 138,"Detailed guidance on projects for placement preparation, including key concepts, interview expectations, common mistakes, and practical preparation tips."
Mock Interview: Question 139,"Detailed guidance on mock interview for placement preparation, including key concepts, interview expectations, common mistakes, and practical preparation tips."
Aptitude: Question 140,"Detailed guidance on aptitude for placement preparation, including key concepts, interview expectations, common mistakes, and practical preparation tips."
Behavioral: Question 141,"Detailed guidance on behavioral for placement preparation, including key concepts, interview expectations, common mistakes, and practical preparation tips."
Placement Strategy: Question 142,"Detailed guidance on placement strategy for placement preparation, including key concepts, interview expectations, common mistakes, and practical preparation tips."
Describe a generic Oracle software engineering interview experience.,"A typical interview includes one or more coding rounds, project discussions, computer science fundamentals, behavioral questions, and problem-solving. This is a generic educational example, not a real student's interview."
GenAI: Question 144,"Detailed guidance on genai for placement preparation, including key concepts, interview expectations, common mistakes, and practical preparation tips."
Web Development: Question 145,"Detailed guidance on web development for placement preparation, including key concepts, interview expectations, common mistakes, and practical preparation tips."
Resume: Question 146,"Detailed guidance on resume for placement preparation, including key concepts, interview expectations, common mistakes, and practical preparation tips."
DSA: Question 147,"Detailed guidance on dsa for placement preparation, including key concepts, interview expectations, common mistakes, and practical preparation tips."
DBMS: Question 148,"Detailed guidance on dbms for placement preparation, including key concepts, interview expectations, common mistakes, and practical preparation tips."
OS: Question 149,"Detailed guidance on os for placement preparation, including key concepts, interview expectations, common mistakes, and practical preparation tips."
CN: Question 150,"Detailed guidance on cn for placement preparation, including key concepts, interview expectations, common mistakes, and practical preparation tips."
OOP: Question 151,"Detailed guidance on oop for placement preparation, including key concepts, interview expectations, common mistakes, and practical preparation tips."
System Design: Question 152,"Detailed guidance on system design for placement preparation, including key concepts, interview expectations, common mistakes, and practical preparation tips."
HR: Question 153,"Detailed guidance on hr for placement preparation, including key concepts, interview expectations, common mistakes, and practical preparation tips."
Projects: Question 154,"Detailed guidance on projects for placement preparation, including key concepts, interview expectations, common mistakes, and practical preparation tips."
Mock Interview: Question 155,"Detailed guidance on mock interview for placement preparation, including key concepts, interview expectations, common mistakes, and practical preparation tips."
Aptitude: Question 156,"Detailed guidance on aptitude for placement preparation, including key concepts, interview expectations, common mistakes, and practical preparation tips."
Behavioral: Question 157,"Detailed guidance on behavioral for placement preparation, including key concepts, interview expectations, common mistakes, and practical preparation tips."
Placement Strategy: Question 158,"Detailed guidance on placement strategy for placement preparation, including key concepts, interview expectations, common mistakes, and practical preparation tips."
Describe a generic Adobe software engineering interview experience.,"A typical interview includes one or more coding rounds, project discussions, computer science fundamentals, behavioral questions, and problem-solving. This is a generic educational example, not a real student's interview."
GenAI: Question 160,"Detailed guidance on genai for placement preparation, including key concepts, interview expectations, common mistakes, and practical preparation tips."
Web Development: Question 161,"Detailed guidance on web development for placement preparation, including key concepts, interview expectations, common mistakes, and practical preparation tips."
Resume: Question 162,"Detailed guidance on resume for placement preparation, including key concepts, interview expectations, common mistakes, and practical preparation tips."
DSA: Question 163,"Detailed guidance on dsa for placement preparation, including key concepts, interview expectations, common mistakes, and practical preparation tips."
DBMS: Question 164,"Detailed guidance on dbms for placement preparation, including key concepts, interview expectations, common mistakes, and practical preparation tips."
OS: Question 165,"Detailed guidance on os for placement preparation, including key concepts, interview expectations, common mistakes, and practical preparation tips."
CN: Question 166,"Detailed guidance on cn for placement preparation, including key concepts, interview expectations, common mistakes, and practical preparation tips."
OOP: Question 167,"Detailed guidance on oop for placement preparation, including key concepts, interview expectations, common mistakes, and practical preparation tips."
System Design: Question 168,"Detailed guidance on system design for placement preparation, including key concepts, interview expectations, common mistakes, and practical preparation tips."
HR: Question 169,"Detailed guidance on hr for placement preparation, including key concepts, interview expectations, common mistakes, and practical preparation tips."
Projects: Question 170,"Detailed guidance on projects for placement preparation, including key concepts, interview expectations, common mistakes, and practical preparation tips."
Mock Interview: Question 171,"Detailed guidance on mock interview for placement preparation, including key concepts, interview expectations, common mistakes, and practical preparation tips."
Aptitude: Question 172,"Detailed guidance on aptitude for placement preparation, including key concepts, interview expectations, common mistakes, and practical preparation tips."
Behavioral: Question 173,"Detailed guidance on behavioral for placement preparation, including key concepts, interview expectations, common mistakes, and practical preparation tips."
Placement Strategy: Question 174,"Detailed guidance on placement strategy for placement preparation, including key concepts, interview expectations, common mistakes, and practical preparation tips."
Describe a generic Amazon software engineering interview experience.,"A typical interview includes one or more coding rounds, project discussions, computer science fundamentals, behavioral questions, and problem-solving. This is a generic educational example, not a real student's interview."
GenAI: Question 176,"Detailed guidance on genai for placement preparation, including key concepts, interview expectations, common mistakes, and practical preparation tips."
Web Development: Question 177,"Detailed guidance on web development for placement preparation, including key concepts, interview expectations, common mistakes, and practical preparation tips."
Resume: Question 178,"Detailed guidance on resume for placement preparation, including key concepts, interview expectations, common mistakes, and practical preparation tips."
DSA: Question 179,"Detailed guidance on dsa for placement preparation, including key concepts, interview expectations, common mistakes, and practical preparation tips."
DBMS: Question 180,"Detailed guidance on dbms for placement preparation, including key concepts, interview expectations, common mistakes, and practical preparation tips."
OS: Question 181,"Detailed guidance on os for placement preparation, including key concepts, interview expectations, common mistakes, and practical preparation tips."
CN: Question 182,"Detailed guidance on cn for placement preparation, including key concepts, interview expectations, common mistakes, and practical preparation tips."
OOP: Question 183,"Detailed guidance on oop for placement preparation, including key concepts, interview expectations, common mistakes, and practical preparation tips."
System Design: Question 184,"Detailed guidance on system design for placement preparation, including key concepts, interview expectations, common mistakes, and practical preparation tips."
HR: Question 185,"Detailed guidance on hr for placement preparation, including key concepts, interview expectations, common mistakes, and practical preparation tips."
Projects: Question 186,"Detailed guidance on projects for placement preparation, including key concepts, interview expectations, common mistakes, and practical preparation tips."
Mock Interview: Question 187,"Detailed guidance on mock interview for placement preparation, including key concepts, interview expectations, common mistakes, and practical preparation tips."
Aptitude: Question 188,"Detailed guidance on aptitude for placement preparation, including key concepts, interview expectations, common mistakes, and practical preparation tips."
Behavioral: Question 189,"Detailed guidance on behavioral for placement preparation, including key concepts, interview expectations, common mistakes, and practical preparation tips."
Placement Strategy: Question 190,"Detailed guidance on placement strategy for placement preparation, including key concepts, interview expectations, common mistakes, and practical preparation tips."
Describe a generic Microsoft software engineering interview experience.,"A typical interview includes one or more coding rounds, project discussions, computer science fundamentals, behavioral questions, and problem-solving. This is a generic educational example, not a real student's interview."
GenAI: Question 192,"Detailed guidance on genai for placement preparation, including key concepts, interview expectations, common mistakes, and practical preparation tips."
Web Development: Question 193,"Detailed guidance on web development for placement preparation, including key concepts, interview expectations, common mistakes, and practical preparation tips."
Resume: Question 194,"Detailed guidance on resume for placement preparation, including key concepts, interview expectations, common mistakes, and practical preparation tips."
DSA: Question 195,"Detailed guidance on dsa for placement preparation, including key concepts, interview expectations, common mistakes, and practical preparation tips."
DBMS: Question 196,"Detailed guidance on dbms for placement preparation, including key concepts, interview expectations, common mistakes, and practical preparation tips."
OS: Question 197,"Detailed guidance on os for placement preparation, including key concepts, interview expectations, common mistakes, and practical preparation tips."
CN: Question 198,"Detailed guidance on cn for placement preparation, including key concepts, interview expectations, common mistakes, and practical preparation tips."
OOP: Question 199,"Detailed guidance on oop for placement preparation, including key concepts, interview expectations, common mistakes, and practical preparation tips."
System Design: Question 200,"Detailed guidance on system design for placement preparation, including key concepts, interview expectations, common mistakes, and practical preparation tips."
HR: Question 201,"Detailed guidance on hr for placement preparation, including key concepts, interview expectations, common mistakes, and practical preparation tips."
Projects: Question 202,"Detailed guidance on projects for placement preparation, including key concepts, interview expectations, common mistakes, and practical preparation tips."
Mock Interview: Question 203,"Detailed guidance on mock interview for placement preparation, including key concepts, interview expectations, common mistakes, and practical preparation tips."
Aptitude: Question 204,"Detailed guidance on aptitude for placement preparation, including key concepts, interview expectations, common mistakes, and practical preparation tips."
Behavioral: Question 205,"Detailed guidance on behavioral for placement preparation, including key concepts, interview expectations, common mistakes, and practical preparation tips."
Placement Strategy: Question 206,"Detailed guidance on placement strategy for placement preparation, including key concepts, interview expectations, common mistakes, and practical preparation tips."
Describe a generic Google software engineering interview experience.,"A typical interview includes one or more coding rounds, project discussions, computer science fundamentals, behavioral questions, and problem-solving. This is a generic educational example, not a real student's interview."
GenAI: Question 208,"Detailed guidance on genai for placement preparation, including key concepts, interview expectations, common mistakes, and practical preparation tips."
Web Development: Question 209,"Detailed guidance on web development for placement preparation, including key concepts, interview expectations, common mistakes, and practical preparation tips."
Resume: Question 210,"Detailed guidance on resume for placement preparation, including key concepts, interview expectations, common mistakes, and practical preparation tips."
DSA: Question 211,"Detailed guidance on dsa for placement preparation, including key concepts, interview expectations, common mistakes, and practical preparation tips."
DBMS: Question 212,"Detailed guidance on dbms for placement preparation, including key concepts, interview expectations, common mistakes, and practical preparation tips."
OS: Question 213,"Detailed guidance on os for placement preparation, including key concepts, interview expectations, common mistakes, and practical preparation tips."
CN: Question 214,"Detailed guidance on cn for placement preparation, including key concepts, interview expectations, common mistakes, and practical preparation tips."
OOP: Question 215,"Detailed guidance on oop for placement preparation, including key concepts, interview expectations, common mistakes, and practical preparation tips."
System Design: Question 216,"Detailed guidance on system design for placement preparation, including key concepts, interview expectations, common mistakes, and practical preparation tips."
HR: Question 217,"Detailed guidance on hr for placement preparation, including key concepts, interview expectations, common mistakes, and practical preparation tips."
Projects: Question 218,"Detailed guidance on projects for placement preparation, including key concepts, interview expectations, common mistakes, and practical preparation tips."
Mock Interview: Question 219,"Detailed guidance on mock interview for placement preparation, including key concepts, interview expectations, common mistakes, and practical preparation tips."
Aptitude: Question 220,"Detailed guidance on aptitude for placement preparation, including key concepts, interview expectations, common mistakes, and practical preparation tips."
Behavioral: Question 221,"Detailed guidance on behavioral for placement preparation, including key concepts, interview expectations, common mistakes, and practical preparation tips."
Placement Strategy: Question 222,"Detailed guidance on placement strategy for placement preparation, including key concepts, interview expectations, common mistakes, and practical preparation tips."
Describe a generic Oracle software engineering interview experience.,"A typical interview includes one or more coding rounds, project discussions, computer science fundamentals, behavioral questions, and problem-solving. This is a generic educational example, not a real student's interview."
GenAI: Question 224,"Detailed guidance on genai for placement preparation, including key concepts, interview expectations, common mistakes, and practical preparation tips."
Web Development: Question 225,"Detailed guidance on web development for placement preparation, including key concepts, interview expectations, common mistakes, and practical preparation tips."
Resume: Question 226,"Detailed guidance on resume for placement preparation, including key concepts, interview expectations, common mistakes, and practical preparation tips."
DSA: Question 227,"Detailed guidance on dsa for placement preparation, including key concepts, interview expectations, common mistakes, and practical preparation tips."
DBMS: Question 228,"Detailed guidance on dbms for placement preparation, including key concepts, interview expectations, common mistakes, and practical preparation tips."
OS: Question 229,"Detailed guidance on os for placement preparation, including key concepts, interview expectations, common mistakes, and practical preparation tips."
CN: Question 230,"Detailed guidance on cn for placement preparation, including key concepts, interview expectations, common mistakes, and practical preparation tips."
OOP: Question 231,"Detailed guidance on oop for placement preparation, including key concepts, interview expectations, common mistakes, and practical preparation tips."
System Design: Question 232,"Detailed guidance on system design for placement preparation, including key concepts, interview expectations, common mistakes, and practical preparation tips."
HR: Question 233,"Detailed guidance on hr for placement preparation, including key concepts, interview expectations, common mistakes, and practical preparation tips."
Projects: Question 234,"Detailed guidance on projects for placement preparation, including key concepts, interview expectations, common mistakes, and practical preparation tips."
Mock Interview: Question 235,"Detailed guidance on mock interview for placement preparation, including key concepts, interview expectations, common mistakes, and practical preparation tips."
Aptitude: Question 236,"Detailed guidance on aptitude for placement preparation, including key concepts, interview expectations, common mistakes, and practical preparation tips."
Behavioral: Question 237,"Detailed guidance on behavioral for placement preparation, including key concepts, interview expectations, common mistakes, and practical preparation tips."
Placement Strategy: Question 238,"Detailed guidance on placement strategy for placement preparation, including key concepts, interview expectations, common mistakes, and practical preparation tips."
Describe a generic Adobe software engineering interview experience.,"A typical interview includes one or more coding rounds, project discussions, computer science fundamentals, behavioral questions, and problem-solving. This is a generic educational example, not a real student's interview."
GenAI: Question 240,"Detailed guidance on genai for placement preparation, including key concepts, interview expectations, common mistakes, and practical preparation tips."
Web Development: Question 241,"Detailed guidance on web development for placement preparation, including key concepts, interview expectations, common mistakes, and practical preparation tips."
Resume: Question 242,"Detailed guidance on resume for placement preparation, including key concepts, interview expectations, common mistakes, and practical preparation tips."
DSA: Question 243,"Detailed guidance on dsa for placement preparation, including key concepts, interview expectations, common mistakes, and practical preparation tips."
DBMS: Question 244,"Detailed guidance on dbms for placement preparation, including key concepts, interview expectations, common mistakes, and practical preparation tips."
OS: Question 245,"Detailed guidance on os for placement preparation, including key concepts, interview expectations, common mistakes, and practical preparation tips."
CN: Question 246,"Detailed guidance on cn for placement preparation, including key concepts, interview expectations, common mistakes, and practical preparation tips."
OOP: Question 247,"Detailed guidance on oop for placement preparation, including key concepts, interview expectations, common mistakes, and practical preparation tips."
System Design: Question 248,"Detailed guidance on system design for placement preparation, including key concepts, interview expectations, common mistakes, and practical preparation tips."
HR: Question 249,"Detailed guidance on hr for placement preparation, including key concepts, interview expectations, common mistakes, and practical preparation tips."
Projects: Question 250,"Detailed guidance on projects for placement preparation, including key concepts, interview expectations, common mistakes, and practical preparation tips."
Mock Interview: Question 251,"Detailed guidance on mock interview for placement preparation, including key concepts, interview expectations, common mistakes, and practical preparation tips."
Aptitude: Question 252,"Detailed guidance on aptitude for placement preparation, including key concepts, interview expectations, common mistakes, and practical preparation tips."
Behavioral: Question 253,"Detailed guidance on behavioral for placement preparation, including key concepts, interview expectations, common mistakes, and practical preparation tips."
Placement Strategy: Question 254,"Detailed guidance on placement strategy for placement preparation, including key concepts, interview expectations, common mistakes, and practical preparation tips."
Describe a generic Amazon software engineering interview experience.,"A typical interview includes one or more coding rounds, project discussions, computer science fundamentals, behavioral questions, and problem-solving. This is a generic educational example, not a real student's interview."
GenAI: Question 256,"Detailed guidance on genai for placement preparation, including key concepts, interview expectations, common mistakes, and practical preparation tips."
Web Development: Question 257,"Detailed guidance on web development for placement preparation, including key concepts, interview expectations, common mistakes, and practical preparation tips."
Resume: Question 258,"Detailed guidance on resume for placement preparation, including key concepts, interview expectations, common mistakes, and practical preparation tips."
DSA: Question 259,"Detailed guidance on dsa for placement preparation, including key concepts, interview expectations, common mistakes, and practical preparation tips."
DBMS: Question 260,"Detailed guidance on dbms for placement preparation, including key concepts, interview expectations, common mistakes, and practical preparation tips."
OS: Question 261,"Detailed guidance on os for placement preparation, including key concepts, interview expectations, common mistakes, and practical preparation tips."
CN: Question 262,"Detailed guidance on cn for placement preparation, including key concepts, interview expectations, common mistakes, and practical preparation tips."
OOP: Question 263,"Detailed guidance on oop for placement preparation, including key concepts, interview expectations, common mistakes, and practical preparation tips."
System Design: Question 264,"Detailed guidance on system design for placement preparation, including key concepts, interview expectations, common mistakes, and practical preparation tips."
HR: Question 265,"Detailed guidance on hr for placement preparation, including key concepts, interview expectations, common mistakes, and practical preparation tips."
Projects: Question 266,"Detailed guidance on projects for placement preparation, including key concepts, interview expectations, common mistakes, and practical preparation tips."
Mock Interview: Question 267,"Detailed guidance on mock interview for placement preparation, including key concepts, interview expectations, common mistakes, and practical preparation tips."
Aptitude: Question 268,"Detailed guidance on aptitude for placement preparation, including key concepts, interview expectations, common mistakes, and practical preparation tips."
Behavioral: Question 269,"Detailed guidance on behavioral for placement preparation, including key concepts, interview expectations, common mistakes, and practical preparation tips."
Placement Strategy: Question 270,"Detailed guidance on placement strategy for placement preparation, including key concepts, interview expectations, common mistakes, and practical preparation tips."
Describe a generic Microsoft software engineering interview experience.,"A typical interview includes one or more coding rounds, project discussions, computer science fundamentals, behavioral questions, and problem-solving. This is a generic educational example, not a real student's interview."
GenAI: Question 272,"Detailed guidance on genai for placement preparation, including key concepts, interview expectations, common mistakes, and practical preparation tips."
Web Development: Question 273,"Detailed guidance on web development for placement preparation, including key concepts, interview expectations, common mistakes, and practical preparation tips."
Resume: Question 274,"Detailed guidance on resume for placement preparation, including key concepts, interview expectations, common mistakes, and practical preparation tips."
DSA: Question 275,"Detailed guidance on dsa for placement preparation, including key concepts, interview expectations, common mistakes, and practical preparation tips."
DBMS: Question 276,"Detailed guidance on dbms for placement preparation, including key concepts, interview expectations, common mistakes, and practical preparation tips."
OS: Question 277,"Detailed guidance on os for placement preparation, including key concepts, interview expectations, common mistakes, and practical preparation tips."
CN: Question 278,"Detailed guidance on cn for placement preparation, including key concepts, interview expectations, common mistakes, and practical preparation tips."
OOP: Question 279,"Detailed guidance on oop for placement preparation, including key concepts, interview expectations, common mistakes, and practical preparation tips."
System Design: Question 280,"Detailed guidance on system design for placement preparation, including key concepts, interview expectations, common mistakes, and practical preparation tips."
HR: Question 281,"Detailed guidance on hr for placement preparation, including key concepts, interview expectations, common mistakes, and practical preparation tips."
Projects: Question 282,"Detailed guidance on projects for placement preparation, including key concepts, interview expectations, common mistakes, and practical preparation tips."
Mock Interview: Question 283,"Detailed guidance on mock interview for placement preparation, including key concepts, interview expectations, common mistakes, and practical preparation tips."
Aptitude: Question 284,"Detailed guidance on aptitude for placement preparation, including key concepts, interview expectations, common mistakes, and practical preparation tips."
Behavioral: Question 285,"Detailed guidance on behavioral for placement preparation, including key concepts, interview expectations, common mistakes, and practical preparation tips."
Placement Strategy: Question 286,"Detailed guidance on placement strategy for placement preparation, including key concepts, interview expectations, common mistakes, and practical preparation tips."
Describe a generic Google software engineering interview experience.,"A typical interview includes one or more coding rounds, project discussions, computer science fundamentals, behavioral questions, and problem-solving. This is a generic educational example, not a real student's interview."
GenAI: Question 288,"Detailed guidance on genai for placement preparation, including key concepts, interview expectations, common mistakes, and practical preparation tips."
Web Development: Question 289,"Detailed guidance on web development for placement preparation, including key concepts, interview expectations, common mistakes, and practical preparation tips."
Resume: Question 290,"Detailed guidance on resume for placement preparation, including key concepts, interview expectations, common mistakes, and practical preparation tips."
DSA: Question 291,"Detailed guidance on dsa for placement preparation, including key concepts, interview expectations, common mistakes, and practical preparation tips."
DBMS: Question 292,"Detailed guidance on dbms for placement preparation, including key concepts, interview expectations, common mistakes, and practical preparation tips."
OS: Question 293,"Detailed guidance on os for placement preparation, including key concepts, interview expectations, common mistakes, and practical preparation tips."
CN: Question 294,"Detailed guidance on cn for placement preparation, including key concepts, interview expectations, common mistakes, and practical preparation tips."
OOP: Question 295,"Detailed guidance on oop for placement preparation, including key concepts, interview expectations, common mistakes, and practical preparation tips."
System Design: Question 296,"Detailed guidance on system design for placement preparation, including key concepts, interview expectations, common mistakes, and practical preparation tips."
HR: Question 297,"Detailed guidance on hr for placement preparation, including key concepts, interview expectations, common mistakes, and practical preparation tips."
Projects: Question 298,"Detailed guidance on projects for placement preparation, including key concepts, interview expectations, common mistakes, and practical preparation tips."
Mock Interview: Question 299,"Detailed guidance on mock interview for placement preparation, including key concepts, interview expectations, common mistakes, and practical preparation tips."
Aptitude: Question 300,"Detailed guidance on aptitude for placement preparation, including key concepts, interview expectations, common mistakes, and practical preparation tips."
Behavioral: Question 301,"Detailed guidance on behavioral for placement preparation, including key concepts, interview expectations, common mistakes, and practical preparation tips."
Placement Strategy: Question 302,"Detailed guidance on placement strategy for placement preparation, including key concepts, interview expectations, common mistakes, and practical preparation tips."
Describe a generic Oracle software engineering interview experience.,"A typical interview includes one or more coding rounds, project discussions, computer science fundamentals, behavioral questions, and problem-solving. This is a generic educational example, not a real student's interview."
GenAI: Question 304,"Detailed guidance on genai for placement preparation, including key concepts, interview expectations, common mistakes, and practical preparation tips."
Web Development: Question 305,"Detailed guidance on web development for placement preparation, including key concepts, interview expectations, common mistakes, and practical preparation tips."
Resume: Question 306,"Detailed guidance on resume for placement preparation, including key concepts, interview expectations, common mistakes, and practical preparation tips."
DSA: Question 307,"Detailed guidance on dsa for placement preparation, including key concepts, interview expectations, common mistakes, and practical preparation tips."
DBMS: Question 308,"Detailed guidance on dbms for placement preparation, including key concepts, interview expectations, common mistakes, and practical preparation tips."
OS: Question 309,"Detailed guidance on os for placement preparation, including key concepts, interview expectations, common mistakes, and practical preparation tips."
CN: Question 310,"Detailed guidance on cn for placement preparation, including key concepts, interview expectations, common mistakes, and practical preparation tips."
OOP: Question 311,"Detailed guidance on oop for placement preparation, including key concepts, interview expectations, common mistakes, and practical preparation tips."
System Design: Question 312,"Detailed guidance on system design for placement preparation, including key concepts, interview expectations, common mistakes, and practical preparation tips."
HR: Question 313,"Detailed guidance on hr for placement preparation, including key concepts, interview expectations, common mistakes, and practical preparation tips."
Projects: Question 314,"Detailed guidance on projects for placement preparation, including key concepts, interview expectations, common mistakes, and practical preparation tips."
Mock Interview: Question 315,"Detailed guidance on mock interview for placement preparation, including key concepts, interview expectations, common mistakes, and practical preparation tips."
Aptitude: Question 316,"Detailed guidance on aptitude for placement preparation, including key concepts, interview expectations, common mistakes, and practical preparation tips."
Behavioral: Question 317,"Detailed guidance on behavioral for placement preparation, including key concepts, interview expectations, common mistakes, and practical preparation tips."
Placement Strategy: Question 318,"Detailed guidance on placement strategy for placement preparation, including key concepts, interview expectations, common mistakes, and practical preparation tips."
Describe a generic Adobe software engineering interview experience.,"A typical interview includes one or more coding rounds, project discussions, computer science fundamentals, behavioral questions, and problem-solving. This is a generic educational example, not a real student's interview."
GenAI: Question 320,"Detailed guidance on genai for placement preparation, including key concepts, interview expectations, common mistakes, and practical preparation tips."
Web Development: Question 321,"Detailed guidance on web development for placement preparation, including key concepts, interview expectations, common mistakes, and practical preparation tips."
Resume: Question 322,"Detailed guidance on resume for placement preparation, including key concepts, interview expectations, common mistakes, and practical preparation tips."
DSA: Question 323,"Detailed guidance on dsa for placement preparation, including key concepts, interview expectations, common mistakes, and practical preparation tips."
DBMS: Question 324,"Detailed guidance on dbms for placement preparation, including key concepts, interview expectations, common mistakes, and practical preparation tips."
OS: Question 325,"Detailed guidance on os for placement preparation, including key concepts, interview expectations, common mistakes, and practical preparation tips."
CN: Question 326,"Detailed guidance on cn for placement preparation, including key concepts, interview expectations, common mistakes, and practical preparation tips."
OOP: Question 327,"Detailed guidance on oop for placement preparation, including key concepts, interview expectations, common mistakes, and practical preparation tips."
System Design: Question 328,"Detailed guidance on system design for placement preparation, including key concepts, interview expectations, common mistakes, and practical preparation tips."
HR: Question 329,"Detailed guidance on hr for placement preparation, including key concepts, interview expectations, common mistakes, and practical preparation tips."
Projects: Question 330,"Detailed guidance on projects for placement preparation, including key concepts, interview expectations, common mistakes, and practical preparation tips."
Mock Interview: Question 331,"Detailed guidance on mock interview for placement preparation, including key concepts, interview expectations, common mistakes, and practical preparation tips."
Aptitude: Question 332,"Detailed guidance on aptitude for placement preparation, including key concepts, interview expectations, common mistakes, and practical preparation tips."
Behavioral: Question 333,"Detailed guidance on behavioral for placement preparation, including key concepts, interview expectations, common mistakes, and practical preparation tips."
Placement Strategy: Question 334,"Detailed guidance on placement strategy for placement preparation, including key concepts, interview expectations, common mistakes, and practical preparation tips."
Describe a generic Amazon software engineering interview experience.,"A typical interview includes one or more coding rounds, project discussions, computer science fundamentals, behavioral questions, and problem-solving. This is a generic educational example, not a real student's interview."
GenAI: Question 336,"Detailed guidance on genai for placement preparation, including key concepts, interview expectations, common mistakes, and practical preparation tips."
Web Development: Question 337,"Detailed guidance on web development for placement preparation, including key concepts, interview expectations, common mistakes, and practical preparation tips."
Resume: Question 338,"Detailed guidance on resume for placement preparation, including key concepts, interview expectations, common mistakes, and practical preparation tips."
DSA: Question 339,"Detailed guidance on dsa for placement preparation, including key concepts, interview expectations, common mistakes, and practical preparation tips."
DBMS: Question 340,"Detailed guidance on dbms for placement preparation, including key concepts, interview expectations, common mistakes, and practical preparation tips."
OS: Question 341,"Detailed guidance on os for placement preparation, including key concepts, interview expectations, common mistakes, and practical preparation tips."
CN: Question 342,"Detailed guidance on cn for placement preparation, including key concepts, interview expectations, common mistakes, and practical preparation tips."
OOP: Question 343,"Detailed guidance on oop for placement preparation, including key concepts, interview expectations, common mistakes, and practical preparation tips."
System Design: Question 344,"Detailed guidance on system design for placement preparation, including key concepts, interview expectations, common mistakes, and practical preparation tips."
HR: Question 345,"Detailed guidance on hr for placement preparation, including key concepts, interview expectations, common mistakes, and practical preparation tips."
Projects: Question 346,"Detailed guidance on projects for placement preparation, including key concepts, interview expectations, common mistakes, and practical preparation tips."
Mock Interview: Question 347,"Detailed guidance on mock interview for placement preparation, including key concepts, interview expectations, common mistakes, and practical preparation tips."
Aptitude: Question 348,"Detailed guidance on aptitude for placement preparation, including key concepts, interview expectations, common mistakes, and practical preparation tips."
Behavioral: Question 349,"Detailed guidance on behavioral for placement preparation, including key concepts, interview expectations, common mistakes, and practical preparation tips."
Placement Strategy: Question 350,"Detailed guidance on placement strategy for placement preparation, including key concepts, interview expectations, common mistakes, and practical preparation tips."
Describe a generic Microsoft software engineering interview experience.,"A typical interview includes one or more coding rounds, project discussions, computer science fundamentals, behavioral questions, and problem-solving. This is a generic educational example, not a real student's interview."
GenAI: Question 352,"Detailed guidance on genai for placement preparation, including key concepts, interview expectations, common mistakes, and practical preparation tips."
Web Development: Question 353,"Detailed guidance on web development for placement preparation, including key concepts, interview expectations, common mistakes, and practical preparation tips."
Resume: Question 354,"Detailed guidance on resume for placement preparation, including key concepts, interview expectations, common mistakes, and practical preparation tips."
DSA: Question 355,"Detailed guidance on dsa for placement preparation, including key concepts, interview expectations, common mistakes, and practical preparation tips."
DBMS: Question 356,"Detailed guidance on dbms for placement preparation, including key concepts, interview expectations, common mistakes, and practical preparation tips."
OS: Question 357,"Detailed guidance on os for placement preparation, including key concepts, interview expectations, common mistakes, and practical preparation tips."
CN: Question 358,"Detailed guidance on cn for placement preparation, including key concepts, interview expectations, common mistakes, and practical preparation tips."
OOP: Question 359,"Detailed guidance on oop for placement preparation, including key concepts, interview expectations, common mistakes, and practical preparation tips."
System Design: Question 360,"Detailed guidance on system design for placement preparation, including key concepts, interview expectations, common mistakes, and practical preparation tips."
HR: Question 361,"Detailed guidance on hr for placement preparation, including key concepts, interview expectations, common mistakes, and practical preparation tips."
Projects: Question 362,"Detailed guidance on projects for placement preparation, including key concepts, interview expectations, common mistakes, and practical preparation tips."
Mock Interview: Question 363,"Detailed guidance on mock interview for placement preparation, including key concepts, interview expectations, common mistakes, and practical preparation tips."
Aptitude: Question 364,"Detailed guidance on aptitude for placement preparation, including key concepts, interview expectations, common mistakes, and practical preparation tips."
Behavioral: Question 365,"Detailed guidance on behavioral for placement preparation, including key concepts, interview expectations, common mistakes, and practical preparation tips."
Placement Strategy: Question 366,"Detailed guidance on placement strategy for placement preparation, including key concepts, interview expectations, common mistakes, and practical preparation tips."
Describe a generic Google software engineering interview experience.,"A typical interview includes one or more coding rounds, project discussions, computer science fundamentals, behavioral questions, and problem-solving. This is a generic educational example, not a real student's interview."
GenAI: Question 368,"Detailed guidance on genai for placement preparation, including key concepts, interview expectations, common mistakes, and practical preparation tips."
Web Development: Question 369,"Detailed guidance on web development for placement preparation, including key concepts, interview expectations, common mistakes, and practical preparation tips."
Resume: Question 370,"Detailed guidance on resume for placement preparation, including key concepts, interview expectations, common mistakes, and practical preparation tips."
DSA: Question 371,"Detailed guidance on dsa for placement preparation, including key concepts, interview expectations, common mistakes, and practical preparation tips."
DBMS: Question 372,"Detailed guidance on dbms for placement preparation, including key concepts, interview expectations, common mistakes, and practical preparation tips."
OS: Question 373,"Detailed guidance on os for placement preparation, including key concepts, interview expectations, common mistakes, and practical preparation tips."
CN: Question 374,"Detailed guidance on cn for placement preparation, including key concepts, interview expectations, common mistakes, and practical preparation tips."
OOP: Question 375,"Detailed guidance on oop for placement preparation, including key concepts, interview expectations, common mistakes, and practical preparation tips."
System Design: Question 376,"Detailed guidance on system design for placement preparation, including key concepts, interview expectations, common mistakes, and practical preparation tips."
HR: Question 377,"Detailed guidance on hr for placement preparation, including key concepts, interview expectations, common mistakes, and practical preparation tips."
Projects: Question 378,"Detailed guidance on projects for placement preparation, including key concepts, interview expectations, common mistakes, and practical preparation tips."
Mock Interview: Question 379,"Detailed guidance on mock interview for placement preparation, including key concepts, interview expectations, common mistakes, and practical preparation tips."
Aptitude: Question 380,"Detailed guidance on aptitude for placement preparation, including key concepts, interview expectations, common mistakes, and practical preparation tips."
Behavioral: Question 381,"Detailed guidance on behavioral for placement preparation, including key concepts, interview expectations, common mistakes, and practical preparation tips."
Placement Strategy: Question 382,"Detailed guidance on placement strategy for placement preparation, including key concepts, interview expectations, common mistakes, and practical preparation tips."
Describe a generic Oracle software engineering interview experience.,"A typical interview includes one or more coding rounds, project discussions, computer science fundamentals, behavioral questions, and problem-solving. This is a generic educational example, not a real student's interview."
GenAI: Question 384,"Detailed guidance on genai for placement preparation, including key concepts, interview expectations, common mistakes, and practical preparation tips."
Web Development: Question 385,"Detailed guidance on web development for placement preparation, including key concepts, interview expectations, common mistakes, and practical preparation tips."
Resume: Question 386,"Detailed guidance on resume for placement preparation, including key concepts, interview expectations, common mistakes, and practical preparation tips."
DSA: Question 387,"Detailed guidance on dsa for placement preparation, including key concepts, interview expectations, common mistakes, and practical preparation tips."
DBMS: Question 388,"Detailed guidance on dbms for placement preparation, including key concepts, interview expectations, common mistakes, and practical preparation tips."
OS: Question 389,"Detailed guidance on os for placement preparation, including key concepts, interview expectations, common mistakes, and practical preparation tips."
CN: Question 390,"Detailed guidance on cn for placement preparation, including key concepts, interview expectations, common mistakes, and practical preparation tips."
OOP: Question 391,"Detailed guidance on oop for placement preparation, including key concepts, interview expectations, common mistakes, and practical preparation tips."
System Design: Question 392,"Detailed guidance on system design for placement preparation, including key concepts, interview expectations, common mistakes, and practical preparation tips."
HR: Question 393,"Detailed guidance on hr for placement preparation, including key concepts, interview expectations, common mistakes, and practical preparation tips."
Projects: Question 394,"Detailed guidance on projects for placement preparation, including key concepts, interview expectations, common mistakes, and practical preparation tips."
Mock Interview: Question 395,"Detailed guidance on mock interview for placement preparation, including key concepts, interview expectations, common mistakes, and practical preparation tips."
Aptitude: Question 396,"Detailed guidance on aptitude for placement preparation, including key concepts, interview expectations, common mistakes, and practical preparation tips."
Behavioral: Question 397,"Detailed guidance on behavioral for placement preparation, including key concepts, interview expectations, common mistakes, and practical preparation tips."
Placement Strategy: Question 398,"Detailed guidance on placement strategy for placement preparation, including key concepts, interview expectations, common mistakes, and practical preparation tips."
Describe a generic Adobe software engineering interview experience.,"A typical interview includes one or more coding rounds, project discussions, computer science fundamentals, behavioral questions, and problem-solving. This is a generic educational example, not a real student's interview."
GenAI: Question 400,"Detailed guidance on genai for placement preparation, including key concepts, interview expectations, common mistakes, and practical preparation tips."
Web Development: Question 401,"Detailed guidance on web development for placement preparation, including key concepts, interview expectations, common mistakes, and practical preparation tips."
Resume: Question 402,"Detailed guidance on resume for placement preparation, including key concepts, interview expectations, common mistakes, and practical preparation tips."
DSA: Question 403,"Detailed guidance on dsa for placement preparation, including key concepts, interview expectations, common mistakes, and practical preparation tips."
DBMS: Question 404,"Detailed guidance on dbms for placement preparation, including key concepts, interview expectations, common mistakes, and practical preparation tips."
OS: Question 405,"Detailed guidance on os for placement preparation, including key concepts, interview expectations, common mistakes, and practical preparation tips."
CN: Question 406,"Detailed guidance on cn for placement preparation, including key concepts, interview expectations, common mistakes, and practical preparation tips."
OOP: Question 407,"Detailed guidance on oop for placement preparation, including key concepts, interview expectations, common mistakes, and practical preparation tips."
System Design: Question 408,"Detailed guidance on system design for placement preparation, including key concepts, interview expectations, common mistakes, and practical preparation tips."
HR: Question 409,"Detailed guidance on hr for placement preparation, including key concepts, interview expectations, common mistakes, and practical preparation tips."
Projects: Question 410,"Detailed guidance on projects for placement preparation, including key concepts, interview expectations, common mistakes, and practical preparation tips."
Mock Interview: Question 411,"Detailed guidance on mock interview for placement preparation, including key concepts, interview expectations, common mistakes, and practical preparation tips."
Aptitude: Question 412,"Detailed guidance on aptitude for placement preparation, including key concepts, interview expectations, common mistakes, and practical preparation tips."
Behavioral: Question 413,"Detailed guidance on behavioral for placement preparation, including key concepts, interview expectations, common mistakes, and practical preparation tips."
Placement Strategy: Question 414,"Detailed guidance on placement strategy for placement preparation, including key concepts, interview expectations, common mistakes, and practical preparation tips."
Describe a generic Amazon software engineering interview experience.,"A typical interview includes one or more coding rounds, project discussions, computer science fundamentals, behavioral questions, and problem-solving. This is a generic educational example, not a real student's interview."
GenAI: Question 416,"Detailed guidance on genai for placement preparation, including key concepts, interview expectations, common mistakes, and practical preparation tips."
Web Development: Question 417,"Detailed guidance on web development for placement preparation, including key concepts, interview expectations, common mistakes, and practical preparation tips."
Resume: Question 418,"Detailed guidance on resume for placement preparation, including key concepts, interview expectations, common mistakes, and practical preparation tips."
DSA: Question 419,"Detailed guidance on dsa for placement preparation, including key concepts, interview expectations, common mistakes, and practical preparation tips."
DBMS: Question 420,"Detailed guidance on dbms for placement preparation, including key concepts, interview expectations, common mistakes, and practical preparation tips."
OS: Question 421,"Detailed guidance on os for placement preparation, including key concepts, interview expectations, common mistakes, and practical preparation tips."
CN: Question 422,"Detailed guidance on cn for placement preparation, including key concepts, interview expectations, common mistakes, and practical preparation tips."
OOP: Question 423,"Detailed guidance on oop for placement preparation, including key concepts, interview expectations, common mistakes, and practical preparation tips."
System Design: Question 424,"Detailed guidance on system design for placement preparation, including key concepts, interview expectations, common mistakes, and practical preparation tips."
HR: Question 425,"Detailed guidance on hr for placement preparation, including key concepts, interview expectations, common mistakes, and practical preparation tips."
Projects: Question 426,"Detailed guidance on projects for placement preparation, including key concepts, interview expectations, common mistakes, and practical preparation tips."
Mock Interview: Question 427,"Detailed guidance on mock interview for placement preparation, including key concepts, interview expectations, common mistakes, and practical preparation tips."
Aptitude: Question 428,"Detailed guidance on aptitude for placement preparation, including key concepts, interview expectations, common mistakes, and practical preparation tips."
Behavioral: Question 429,"Detailed guidance on behavioral for placement preparation, including key concepts, interview expectations, common mistakes, and practical preparation tips."
Placement Strategy: Question 430,"Detailed guidance on placement strategy for placement preparation, including key concepts, interview expectations, common mistakes, and practical preparation tips."
Describe a generic Microsoft software engineering interview experience.,"A typical interview includes one or more coding rounds, project discussions, computer science fundamentals, behavioral questions, and problem-solving. This is a generic educational example, not a real student's interview."
GenAI: Question 432,"Detailed guidance on genai for placement preparation, including key concepts, interview expectations, common mistakes, and practical preparation tips."
Web Development: Question 433,"Detailed guidance on web development for placement preparation, including key concepts, interview expectations, common mistakes, and practical preparation tips."
Resume: Question 434,"Detailed guidance on resume for placement preparation, including key concepts, interview expectations, common mistakes, and practical preparation tips."
DSA: Question 435,"Detailed guidance on dsa for placement preparation, including key concepts, interview expectations, common mistakes, and practical preparation tips."
DBMS: Question 436,"Detailed guidance on dbms for placement preparation, including key concepts, interview expectations, common mistakes, and practical preparation tips."
OS: Question 437,"Detailed guidance on os for placement preparation, including key concepts, interview expectations, common mistakes, and practical preparation tips."
CN: Question 438,"Detailed guidance on cn for placement preparation, including key concepts, interview expectations, common mistakes, and practical preparation tips."
OOP: Question 439,"Detailed guidance on oop for placement preparation, including key concepts, interview expectations, common mistakes, and practical preparation tips."
System Design: Question 440,"Detailed guidance on system design for placement preparation, including key concepts, interview expectations, common mistakes, and practical preparation tips."
HR: Question 441,"Detailed guidance on hr for placement preparation, including key concepts, interview expectations, common mistakes, and practical preparation tips."
Projects: Question 442,"Detailed guidance on projects for placement preparation, including key concepts, interview expectations, common mistakes, and practical preparation tips."
Mock Interview: Question 443,"Detailed guidance on mock interview for placement preparation, including key concepts, interview expectations, common mistakes, and practical preparation tips."
Aptitude: Question 444,"Detailed guidance on aptitude for placement preparation, including key concepts, interview expectations, common mistakes, and practical preparation tips."
Behavioral: Question 445,"Detailed guidance on behavioral for placement preparation, including key concepts, interview expectations, common mistakes, and practical preparation tips."
Placement Strategy: Question 446,"Detailed guidance on placement strategy for placement preparation, including key concepts, interview expectations, common mistakes, and practical preparation tips."
Describe a generic Google software engineering interview experience.,"A typical interview includes one or more coding rounds, project discussions, computer science fundamentals, behavioral questions, and problem-solving. This is a generic educational example, not a real student's interview."
GenAI: Question 448,"Detailed guidance on genai for placement preparation, including key concepts, interview expectations, common mistakes, and practical preparation tips."
Web Development: Question 449,"Detailed guidance on web development for placement preparation, including key concepts, interview expectations, common mistakes, and practical preparation tips."
Resume: Question 450,"Detailed guidance on resume for placement preparation, including key concepts, interview expectations, common mistakes, and practical preparation tips."
DSA: Question 451,"Detailed guidance on dsa for placement preparation, including key concepts, interview expectations, common mistakes, and practical preparation tips."
DBMS: Question 452,"Detailed guidance on dbms for placement preparation, including key concepts, interview expectations, common mistakes, and practical preparation tips."
OS: Question 453,"Detailed guidance on os for placement preparation, including key concepts, interview expectations, common mistakes, and practical preparation tips."
CN: Question 454,"Detailed guidance on cn for placement preparation, including key concepts, interview expectations, common mistakes, and practical preparation tips."
OOP: Question 455,"Detailed guidance on oop for placement preparation, including key concepts, interview expectations, common mistakes, and practical preparation tips."
System Design: Question 456,"Detailed guidance on system design for placement preparation, including key concepts, interview expectations, common mistakes, and practical preparation tips."
HR: Question 457,"Detailed guidance on hr for placement preparation, including key concepts, interview expectations, common mistakes, and practical preparation tips."
Projects: Question 458,"Detailed guidance on projects for placement preparation, including key concepts, interview expectations, common mistakes, and practical preparation tips."
Mock Interview: Question 459,"Detailed guidance on mock interview for placement preparation, including key concepts, interview expectations, common mistakes, and practical preparation tips."
Aptitude: Question 460,"Detailed guidance on aptitude for placement preparation, including key concepts, interview expectations, common mistakes, and practical preparation tips."
Behavioral: Question 461,"Detailed guidance on behavioral for placement preparation, including key concepts, interview expectations, common mistakes, and practical preparation tips."
Placement Strategy: Question 462,"Detailed guidance on placement strategy for placement preparation, including key concepts, interview expectations, common mistakes, and practical preparation tips."
Describe a generic Oracle software engineering interview experience.,"A typical interview includes one or more coding rounds, project discussions, computer science fundamentals, behavioral questions, and problem-solving. This is a generic educational example, not a real student's interview."
GenAI: Question 464,"Detailed guidance on genai for placement preparation, including key concepts, interview expectations, common mistakes, and practical preparation tips."
Web Development: Question 465,"Detailed guidance on web development for placement preparation, including key concepts, interview expectations, common mistakes, and practical preparation tips."
Resume: Question 466,"Detailed guidance on resume for placement preparation, including key concepts, interview expectations, common mistakes, and practical preparation tips."
DSA: Question 467,"Detailed guidance on dsa for placement preparation, including key concepts, interview expectations, common mistakes, and practical preparation tips."
DBMS: Question 468,"Detailed guidance on dbms for placement preparation, including key concepts, interview expectations, common mistakes, and practical preparation tips."
OS: Question 469,"Detailed guidance on os for placement preparation, including key concepts, interview expectations, common mistakes, and practical preparation tips."
CN: Question 470,"Detailed guidance on cn for placement preparation, including key concepts, interview expectations, common mistakes, and practical preparation tips."
OOP: Question 471,"Detailed guidance on oop for placement preparation, including key concepts, interview expectations, common mistakes, and practical preparation tips."
System Design: Question 472,"Detailed guidance on system design for placement preparation, including key concepts, interview expectations, common mistakes, and practical preparation tips."
HR: Question 473,"Detailed guidance on hr for placement preparation, including key concepts, interview expectations, common mistakes, and practical preparation tips."
Projects: Question 474,"Detailed guidance on projects for placement preparation, including key concepts, interview expectations, common mistakes, and practical preparation tips."
Mock Interview: Question 475,"Detailed guidance on mock interview for placement preparation, including key concepts, interview expectations, common mistakes, and practical preparation tips."
Aptitude: Question 476,"Detailed guidance on aptitude for placement preparation, including key concepts, interview expectations, common mistakes, and practical preparation tips."
Behavioral: Question 477,"Detailed guidance on behavioral for placement preparation, including key concepts, interview expectations, common mistakes, and practical preparation tips."
Placement Strategy: Question 478,"Detailed guidance on placement strategy for placement preparation, including key concepts, interview expectations, common mistakes, and practical preparation tips."
Describe a generic Adobe software engineering interview experience.,"A typical interview includes one or more coding rounds, project discussions, computer science fundamentals, behavioral questions, and problem-solving. This is a generic educational example, not a real student's interview."
GenAI: Question 480,"Detailed guidance on genai for placement preparation, including key concepts, interview expectations, common mistakes, and practical preparation tips."
Web Development: Question 481,"Detailed guidance on web development for placement preparation, including key concepts, interview expectations, common mistakes, and practical preparation tips."
Resume: Question 482,"Detailed guidance on resume for placement preparation, including key concepts, interview expectations, common mistakes, and practical preparation tips."
DSA: Question 483,"Detailed guidance on dsa for placement preparation, including key concepts, interview expectations, common mistakes, and practical preparation tips."
DBMS: Question 484,"Detailed guidance on dbms for placement preparation, including key concepts, interview expectations, common mistakes, and practical preparation tips."
OS: Question 485,"Detailed guidance on os for placement preparation, including key concepts, interview expectations, common mistakes, and practical preparation tips."
CN: Question 486,"Detailed guidance on cn for placement preparation, including key concepts, interview expectations, common mistakes, and practical preparation tips."
OOP: Question 487,"Detailed guidance on oop for placement preparation, including key concepts, interview expectations, common mistakes, and practical preparation tips."
System Design: Question 488,"Detailed guidance on system design for placement preparation, including key concepts, interview expectations, common mistakes, and practical preparation tips."
HR: Question 489,"Detailed guidance on hr for placement preparation, including key concepts, interview expectations, common mistakes, and practical preparation tips."
Projects: Question 490,"Detailed guidance on projects for placement preparation, including key concepts, interview expectations, common mistakes, and practical preparation tips."
Mock Interview: Question 491,"Detailed guidance on mock interview for placement preparation, including key concepts, interview expectations, common mistakes, and practical preparation tips."
Aptitude: Question 492,"Detailed guidance on aptitude for placement preparation, including key concepts, interview expectations, common mistakes, and practical preparation tips."
Behavioral: Question 493,"Detailed guidance on behavioral for placement preparation, including key concepts, interview expectations, common mistakes, and practical preparation tips."
Placement Strategy: Question 494,"Detailed guidance on placement strategy for placement preparation, including key concepts, interview expectations, common mistakes, and practical preparation tips."
Describe a generic Amazon software engineering interview experience.,"A typical interview includes one or more coding rounds, project discussions, computer science fundamentals, behavioral questions, and problem-solving. This is a generic educational example, not a real student's interview."
GenAI: Question 496,"Detailed guidance on genai for placement preparation, including key concepts, interview expectations, common mistakes, and practical preparation tips."
Web Development: Question 497,"Detailed guidance on web development for placement preparation, including key concepts, interview expectations, common mistakes, and practical preparation tips."
Resume: Question 498,"Detailed guidance on resume for placement preparation, including key concepts, interview expectations, common mistakes, and practical preparation tips."
DSA: Question 499,"Detailed guidance on dsa for placement preparation, including key concepts, interview expectations, common mistakes, and practical preparation tips."
DBMS: Question 500,"Detailed guidance on dbms for placement preparation, including key concepts, interview expectations, common mistakes, and practical preparation tips."
